"batter","bathand","bat_kpct","bat_fbpct","bat_1Bpct","bat_2Bpct","bat_3Bpct","bat_HRpct","bat_ipoutpct","bat_pa"
"duraj001","L",0.217687074829932,0.0816326530612245,0.146938775510204,0.0653061224489796,0.019047619047619,0.0285714285714286,0.440816326530612,735
"dever001","L",0.24459234608985,0.116472545757072,0.126455906821963,0.0565723793677205,0.00831946755407654,0.0465890183028286,0.400998336106489,601
"stort001","R",0.311320754716981,0.113207547169811,0.141509433962264,0.0660377358490566,0,0.0188679245283019,0.349056603773585,106
"yoshm002","L",0.123515439429929,0.0973871733966746,0.178147268408551,0.0498812351543943,0,0.0237529691211401,0.527315914489311,421
"renda001","R",0.147058823529412,0.117647058823529,0.147058823529412,0.0420168067226891,0,0,0.546218487394958,238
"schan001","L",0.169686985172982,0.126853377265239,0.161449752883031,0.0313014827018122,0,0.0214168039538715,0.489291598023064,607
"troum001","R",0.214285714285714,0.134920634920635,0.0873015873015873,0.00793650793650794,0.0158730158730159,0.0793650793650794,0.46031746031746,126
"oneit001","R",0.33615221987315,0.126849894291755,0.105708245243129,0.0380549682875264,0,0.06553911205074,0.3276955602537,473
"casat001","L",0.316872427983539,0.127572016460905,0.123456790123457,0.0329218106995885,0,0.0534979423868313,0.345679012345679,243
"valde002","L",0.237668161434978,0.0762331838565022,0.112107623318386,0.0538116591928251,0,0.0269058295964126,0.493273542600897,223
"rafac001","R",0.264448336252189,0.0385288966725044,0.159369527145359,0.0402802101576182,0.00875656742556918,0.0262697022767075,0.462346760070053,571
"mcgur002","L",0.246835443037975,0.0949367088607595,0.145569620253165,0.0189873417721519,0,0.0189873417721519,0.474683544303797,158
"wardt002","R",0.245852187028658,0.105580693815988,0.137254901960784,0.0392156862745098,0.00301659125188537,0.0377073906485671,0.431372549019608,663
"drurb001","R",0.225,0.0888888888888889,0.122222222222222,0.0194444444444444,0,0.0111111111111111,0.533333333333333,360
"sanom001","R",0.378947368421053,0.115789473684211,0.126315789473684,0.0315789473684211,0,0.0210526315789474,0.326315789473684,95
"monim001","L",0.272727272727273,0.0598086124401914,0.126794258373206,0.0406698564593301,0.00478468899521531,0.0334928229665072,0.461722488038278,418
"ohopl001","R",0.296934865900383,0.078544061302682,0.151340996168582,0.0325670498084291,0.00191570881226054,0.0383141762452107,0.400383141762452,522
"netoz001","R",0.232558139534884,0.0913621262458472,0.127906976744186,0.0564784053156146,0.00166112956810631,0.0382059800664452,0.451827242524917,602
"reyep001","R",0.296875,0.0625,0.140625,0.03125,0,0,0.46875,64
"dalbb001","R",0.462365591397849,0.0967741935483871,0.0860215053763441,0.021505376344086,0,0.010752688172043,0.32258064516129,93
"hicka001","B",0.365079365079365,0.0952380952380952,0.111111111111111,0,0,0.0158730158730159,0.412698412698413,63
"rengl001","B",0.144736842105263,0.0657894736842105,0.213815789473684,0.0427631578947368,0.00328947368421053,0.0197368421052632,0.509868421052632,304
"wongc001","R",0.234086242299795,0.0759753593429158,0.17864476386037,0.0492813141683778,0.00205338809034908,0.026694045174538,0.433264887063655,487
"abrew002","L",0.279642058165548,0.0961968680089485,0.114093959731544,0.0738255033557047,0.00447427293064877,0.0335570469798658,0.398210290827741,447
"hamid002","L",0.252365930599369,0.0725552050473186,0.148264984227129,0.0536277602523659,0.00315457413249211,0.0252365930599369,0.444794952681388,317
"thaim001","L",0.311827956989247,0.150537634408602,0.112903225806452,0.0483870967741935,0,0.010752688172043,0.365591397849462,186
"adelj001","R",0.279379157427938,0.0931263858093126,0.104212860310421,0.0332594235033259,0.00443458980044346,0.0443458980044346,0.441241685144124,451
"diazy001","R",0.152979066022544,0.0869565217391304,0.180354267310789,0.0499194847020934,0.00161030595813205,0.0225442834138486,0.505636070853462,621
"ramih004","R",0.203252032520325,0.0284552845528455,0.211382113821138,0.0284552845528455,0.0040650406504065,0.00813008130081301,0.516260162601626,246
"arozr001","R",0.260802469135802,0.146604938271605,0.103395061728395,0.0509259259259259,0,0.0308641975308642,0.407407407407407,648
"parei001","R",0.16380655226209,0.145085803432137,0.131045241809672,0.0390015600624025,0.0015600624024961,0.0296411856474259,0.489859594383775,641
"rosaa003","R",0.210982658959538,0.0375722543352601,0.199421965317919,0.0520231213872832,0.00867052023121387,0.00867052023121387,0.482658959537572,346
"meadc001","R",0.227272727272727,0.0606060606060606,0.189393939393939,0.0227272727272727,0,0.00757575757575758,0.492424242424242,132
"sirij001","R",0.379464285714286,0.0848214285714286,0.0892857142857143,0.0357142857142857,0.00223214285714286,0.0401785714285714,0.368303571428571,448
"cabaj001","R",0.27536231884058,0.0745341614906832,0.136645962732919,0.0496894409937888,0.0020703933747412,0.0186335403726708,0.443064182194617,483
"pintr003","R",0.36734693877551,0.102040816326531,0.0816326530612245,0.0612244897959184,0,0.0408163265306122,0.346938775510204,49
"palar002","L",0.212025316455696,0.158227848101266,0.142405063291139,0.0253164556962025,0.00316455696202532,0.0158227848101266,0.443037974683544,316
"shena001","L",0.28,0.16,0.06,0.1,0,0.02,0.38,50
"rortb001","L",0.268292682926829,0.115853658536585,0.152439024390244,0.0396341463414634,0,0.00914634146341463,0.414634146341463,328
"hendg002","L",0.221140472878999,0.118219749652295,0.141863699582754,0.043115438108484,0.00973574408901252,0.0514603616133519,0.414464534075104,719
"rutsa001","B",0.161442006269592,0.0940438871473354,0.15987460815047,0.0329153605015674,0.00156739811912226,0.0297805642633229,0.520376175548589,638
"westj002","R",0.217002237136465,0.0648769574944072,0.136465324384787,0.058165548098434,0.0111856823266219,0.0402684563758389,0.472035794183445,447
"santa003","B",0.193984962406015,0.0977443609022556,0.103759398496241,0.037593984962406,0.00300751879699248,0.0661654135338346,0.497744360902256,665
"uriar001","R",0.182724252491694,0.0930232558139535,0.156146179401993,0.0299003322259136,0.00664451827242525,0.0365448504983389,0.495016611295681,301
"mullc002","L",0.196392785571142,0.0921843687374749,0.134268537074148,0.032064128256513,0.00601202404809619,0.0360721442885772,0.503006012024048,499
"mccaj001","R",0.240343347639485,0.0643776824034335,0.141630901287554,0.0386266094420601,0,0.0343347639484979,0.48068669527897,233
"cowsc001","L",0.306595365418895,0.105169340463458,0.124777183600713,0.0427807486631016,0.0053475935828877,0.0427807486631016,0.372549019607843,561
"adrie001","B",0.392857142857143,0.0714285714285714,0.107142857142857,0.0357142857142857,0,0.0357142857142857,0.357142857142857,28
"matej003","R",0.230769230769231,0.0528846153846154,0.110576923076923,0.0673076923076923,0.00961538461538462,0.0240384615384615,0.504807692307692,208
"ohear001","L",0.139676113360324,0.097165991902834,0.157894736842105,0.0425101214574899,0.00607287449392713,0.0303643724696356,0.526315789473684,494
"kjerh001","L",0.289473684210526,0.131578947368421,0.166666666666667,0.0175438596491228,0,0.0350877192982456,0.359649122807018,114
"hollj003","L",0.331730769230769,0.0817307692307692,0.120192307692308,0.0192307692307692,0.00961538461538462,0.0240384615384615,0.413461538461538,208
"mounr001","R",0.224852071005917,0.0552268244575937,0.16370808678501,0.0591715976331361,0.00394477317554241,0.0256410256410256,0.467455621301775,507
"jeffr002","R",0.202150537634409,0.0989247311827957,0.10752688172043,0.0473118279569892,0,0.0451612903225806,0.498924731182796,465
"buxtb001","R",0.255154639175258,0.0798969072164948,0.131443298969072,0.0695876288659794,0.0077319587628866,0.0463917525773196,0.40979381443299,388
"margm001","R",0.157434402332362,0.0699708454810496,0.154518950437318,0.0495626822157434,0.00291545189504373,0.0116618075801749,0.553935860058309,343
"miraj002","R",0.153846153846154,0.0559440559440559,0.17016317016317,0.0652680652680653,0.00932400932400932,0.020979020979021,0.524475524475524,429
"santc002","B",0.166666666666667,0.11952861952862,0.126262626262626,0.0437710437710438,0,0.0387205387205387,0.505050505050505,594
"marta007","R",0.182879377431907,0.0856031128404669,0.151750972762646,0.0700389105058366,0.00389105058365759,0.00389105058365759,0.501945525291829,257
"vazqc001","R",0.206349206349206,0.0380952380952381,0.152380952380952,0.0317460317460317,0,0.0222222222222222,0.549206349206349,315
"farmk001","R",0.202479338842975,0.103305785123967,0.111570247933884,0.0537190082644628,0.00413223140495868,0.0206611570247934,0.504132231404959,242
"castw003","B",0.236593059936909,0.113564668769716,0.141955835962145,0.0488958990536278,0.00788643533123028,0.0189274447949527,0.43217665615142,634
"julie001","L",0.338870431893688,0.116279069767442,0.119601328903654,0.0299003322259136,0,0.026578073089701,0.368770764119601,301
"keplm001","L",0.200501253132832,0.0676691729323308,0.157894736842105,0.0526315789473684,0.0025062656641604,0.0200501253132832,0.49874686716792,399
"kiria001","L",0.264044943820225,0.0898876404494382,0.0898876404494382,0.0449438202247191,0.0168539325842697,0.0280898876404494,0.466292134831461,178
"larnt001","L",0.2225,0.1075,0.15,0.0425,0,0.0375,0.44,400
"castw003","R",0,0,0,0,0,0,1,1
"schwk001","L",0.284682080924855,0.160404624277457,0.11849710982659,0.0317919075144509,0,0.0549132947976879,0.34971098265896,692
"turnt001","R",0.181818181818182,0.0612244897959184,0.191094619666048,0.0463821892393321,0,0.038961038961039,0.480519480519481,539
"harpb003","L",0.218700475435816,0.123613312202853,0.134706814580032,0.0665610142630745,0,0.0475435816164818,0.408874801901743,631
"bohma001","R",0.141914191419142,0.0759075907590759,0.155115511551155,0.0726072607260726,0.0033003300330033,0.0247524752475248,0.526402640264026,606
"marsb002","L",0.323529411764706,0.109243697478992,0.142857142857143,0.0357142857142857,0.00630252100840336,0.0336134453781513,0.348739495798319,476
"castn001","R",0.21092564491654,0.0773899848254932,0.147192716236722,0.0455235204855842,0.00606980273141123,0.0349013657056146,0.477996965098634,659
"stotb001","L",0.162872154115587,0.0980735551663748,0.161120840630473,0.0332749562171629,0.00350262697022767,0.0192644483362522,0.521891418563923,571
"rojaj003","R",0.190082644628099,0.046831955922865,0.176308539944904,0.0330578512396694,0.00826446280991736,0.00826446280991736,0.537190082644628,363
"stubg001","L",0.267379679144385,0.112299465240642,0.149732620320856,0.0213903743315508,0.0053475935828877,0.0053475935828877,0.438502673796791,187
"tuckc001","B",0.298245614035088,0.105263157894737,0.0701754385964912,0.0701754385964912,0.0175438596491228,0,0.43859649122807,57
"realj001","R",0.246973365617433,0.0774818401937046,0.164648910411622,0.0435835351089588,0.00242130750605327,0.0338983050847458,0.430992736077482,413
"merrw001","R",0.155223880597015,0.113432835820896,0.146268656716418,0.026865671641791,0.00895522388059702,0.0119402985074627,0.537313432835821,335
"sosae001","R",0.240875912408759,0.0766423357664234,0.14963503649635,0.0437956204379562,0.0145985401459854,0.0255474452554745,0.448905109489051,274
"pachc001","R",0.349726775956284,0.092896174863388,0.12568306010929,0.0437158469945355,0.00546448087431694,0.00546448087431694,0.377049180327869,183
"pillk001","R",0.219745222929936,0.0828025477707006,0.127388535031847,0.0509554140127389,0.00318471337579618,0.0254777070063694,0.490445859872611,314
"garcm003","R",0.164536741214058,0.0670926517571885,0.150159744408946,0.0431309904153355,0.00798722044728434,0.0111821086261981,0.55591054313099,626
"wittb002","R",0.14950634696756,0.0916784203102962,0.173483779971791,0.0634696755994358,0.0155148095909732,0.0451339915373766,0.461212976022567,709
"pasqv001","L",0.128158844765343,0.0794223826714801,0.142599277978339,0.0541516245487365,0.0036101083032491,0.0342960288808664,0.557761732851986,554
"peres002","R",0.197852760736196,0.0843558282208589,0.161042944785276,0.0429447852760736,0,0.0414110429447853,0.47239263803681,652
"velan001","R",0.265217391304348,0.0956521739130435,0.104347826086957,0.0347826086956522,0.00434782608695652,0.0347826086956522,0.460869565217391,230
"massm001","L",0.157303370786517,0.050561797752809,0.148876404494382,0.047752808988764,0.00561797752808989,0.0393258426966292,0.550561797752809,356
"calhw001","L",0.122047244094488,0.094488188976378,0.137795275590551,0.062992125984252,0,0.0196850393700787,0.562992125984252,254
"guill001","L",0.192513368983957,0.122994652406417,0.122994652406417,0.0481283422459893,0.0053475935828877,0,0.508021390374332,187
"renfh001","R",0.19811320754717,0.089622641509434,0.129716981132075,0.0424528301886792,0,0.035377358490566,0.504716981132076,424
"bland001","R",0.242424242424242,0.0681818181818182,0.174242424242424,0.0303030303030303,0,0.0303030303030303,0.454545454545455,132
"hampg001","R",0.255411255411255,0.0606060606060606,0.151515151515152,0.0562770562770563,0.00432900432900433,0,0.471861471861472,231
"parik002","R",0.288135593220339,0.11864406779661,0.0508474576271186,0.0338983050847458,0,0.0169491525423729,0.491525423728814,59
"melem001","L",0.250554323725055,0.0842572062084257,0.0931263858093126,0.0509977827050998,0.00665188470066519,0.0376940133037694,0.476718403547672,451
"fraza001","L",0.200680272108844,0.0986394557823129,0.129251700680272,0.0340136054421769,0.00340136054421769,0.0136054421768707,0.520408163265306,294
"goodn002","B",0.303030303030303,0.0909090909090909,0.0909090909090909,0,0,0,0.515151515151515,33
"isbek001","L",0.206572769953052,0.0751173708920188,0.13849765258216,0.0305164319248826,0.0187793427230047,0.0187793427230047,0.511737089201878,426
"fermf002","R",0.179347826086957,0.0679347826086956,0.195652173913043,0.0380434782608696,0,0.016304347826087,0.502717391304348,368
"carpm002","L",0.32484076433121,0.10828025477707,0.133757961783439,0.0445859872611465,0,0.0254777070063694,0.363057324840764,157
"nootl001","L",0.195061728395062,0.130864197530864,0.128395061728395,0.0444444444444444,0.00740740740740741,0.0296296296296296,0.464197530864198,405
"goldp001","R",0.264525993883792,0.0749235474006116,0.13914373088685,0.0504587155963303,0.00152905198776758,0.0336391437308868,0.435779816513761,654
"arenn001","R",0.14488188976378,0.0771653543307087,0.185826771653543,0.0362204724409449,0,0.0251968503937008,0.530708661417323,635
"gormn001","L",0.375621890547264,0.0870646766169154,0.0995024875621891,0.0373134328358209,0,0.0472636815920398,0.353233830845771,402
"herri001","R",0.204633204633205,0.104247104247104,0.196911196911197,0.0463320463320463,0.00386100386100386,0.0193050193050193,0.424710424710425,259
"donob001","L",0.124233128834356,0.0920245398773006,0.171779141104294,0.0521472392638037,0.00460122699386503,0.0214723926380368,0.533742331288344,652
"winnm001","R",0.171114599686028,0.0659340659340659,0.164835164835165,0.0502354788069074,0.00784929356357928,0.0235478806907378,0.516483516483517,637
"sianm001","L",0.275449101796407,0.0718562874251497,0.170658682634731,0.0209580838323353,0.00598802395209581,0.00598802395209581,0.449101796407186,334
"burla001","L",0.127731092436975,0.065546218487395,0.178151260504202,0.0336134453781513,0,0.0352941176470588,0.559663865546218,595
"carld002","B",0.283018867924528,0.10188679245283,0.147169811320755,0.0264150943396226,0,0.0113207547169811,0.430188679245283,265
"pagep001","R",0.26605504587156,0.0596330275229358,0.165137614678899,0.0137614678899083,0.00917431192660551,0.0321100917431193,0.454128440366972,218
"freet001","R",0.138381201044386,0.122715404699739,0.122715404699739,0.0365535248041775,0.00261096605744125,0.0182767624020888,0.558746736292428,383
"gimea001","L",0.153238546603476,0.0647709320695103,0.181674565560821,0.0347551342812006,0.00157977883096367,0.014218009478673,0.549763033175355,633
"ramij003","B",0.120411160058737,0.079295154185022,0.136563876651982,0.0572687224669604,0.00293685756240822,0.0572687224669604,0.54625550660793,681
"naylj001","L",0.165876777251185,0.102685624012638,0.12480252764613,0.042654028436019,0,0.0489731437598736,0.515007898894155,633
"fry-d001","R",0.214285714285714,0.130102040816327,0.14030612244898,0.0459183673469388,0.00255102040816327,0.0357142857142857,0.431122448979592,392
"rodrj009","R",0.35,0.225,0.075,0.025,0,0,0.325,40
"ariag002","R",0.329192546583851,0.0434782608695652,0.130434782608696,0.0559006211180124,0.0062111801242236,0.0186335403726708,0.416149068322981,161
"manzk001","L",0.262820512820513,0.0641025641025641,0.108974358974359,0.0769230769230769,0,0.032051282051282,0.455128205128205,156
"roccb001","B",0.203619909502262,0.117647058823529,0.119909502262443,0.0407239819004525,0,0.0180995475113122,0.5,442
"brenw002","L",0.135977337110482,0.0623229461756374,0.181303116147309,0.0368271954674221,0.0056657223796034,0.0226628895184136,0.555240793201133,353
"flore001","L",0.369369369369369,0.108108108108108,0.0540540540540541,0.0540540540540541,0.018018018018018,0.027027027027027,0.369369369369369,111
"naylb001","L",0.313624678663239,0.0796915167095116,0.118251928020566,0.025706940874036,0.0051413881748072,0.0334190231362468,0.424164524421594,389
"hedga001","R",0.342465753424658,0.0616438356164384,0.102739726027397,0.0205479452054795,0,0.0136986301369863,0.458904109589041,146
"volpa001","R",0.226415094339623,0.0667634252539913,0.158200290275762,0.0391872278664731,0.0101596516690856,0.0174165457184325,0.481857764876633,689
"sotoj001","L",0.166900420757363,0.186535764375877,0.126227208976157,0.0434782608695652,0.00561009817671809,0.0575035063113604,0.413744740532959,713
"judga001","R",0.242897727272727,0.201704545454545,0.120738636363636,0.0511363636363636,0.00142045454545455,0.0823863636363636,0.299715909090909,704
"verda001","L",0.14975845410628,0.0805152979066023,0.14170692431562,0.0450885668276973,0.00161030595813205,0.0209339774557166,0.560386473429952,621
"stanm004","R",0.311546840958606,0.0871459694989107,0.108932461873638,0.0435729847494553,0,0.0588235294117647,0.389978213507625,459
"rizza001","L",0.173333333333333,0.096,0.152,0.032,0,0.0213333333333333,0.525333333333333,375
"torrg001","R",0.204511278195489,0.102255639097744,0.165413533834586,0.0390977443609023,0,0.0225563909774436,0.466165413533835,665
"wella002","L",0.210144927536232,0.1256038647343,0.118357487922705,0.0434782608695652,0.00241545893719807,0.0314009661835749,0.468599033816425,414
"lemad001","R",0.153508771929825,0.087719298245614,0.149122807017544,0.0219298245614035,0,0.0087719298245614,0.578947368421053,228
"trevj001","R",0.175213675213675,0.094017094017094,0.136752136752137,0.0213675213675214,0,0.0341880341880342,0.538461538461538,234
"cabro002","B",0.188311688311688,0.0714285714285714,0.162337662337662,0.0324675324675325,0,0.025974025974026,0.519480519480519,308
"profj001","B",0.151197604790419,0.140718562874251,0.157185628742515,0.0434131736526946,0,0.0359281437125748,0.471556886227545,668
"tatif002","R",0.219178082191781,0.089041095890411,0.15296803652968,0.0479452054794521,0.00228310502283105,0.0479452054794521,0.440639269406393,438
"machm001","R",0.192846034214619,0.0715396578538103,0.161741835147745,0.046656298600311,0,0.0451010886469673,0.482115085536547,643
"solad001","R",0.210355987055016,0.0809061488673139,0.194174757281553,0.0420711974110032,0,0.0258899676375405,0.446601941747573,309
"cronj001","L",0.179878048780488,0.109756097560976,0.13719512195122,0.0442073170731707,0.00457317073170732,0.0259146341463415,0.498475609756098,656
"kim-h002","R",0.163829787234043,0.127659574468085,0.136170212765957,0.0340425531914894,0.00638297872340425,0.0234042553191489,0.508510638297872,470
"merrj002","L",0.170320404721754,0.0505902192242833,0.170320404721754,0.0522765598650927,0.0101180438448567,0.0404721753794266,0.505902192242833,593
"azocj001","R",0.240506329113924,0.0632911392405063,0.177215189873418,0.0253164556962025,0,0,0.493670886075949,79
"higak001","R",0.281368821292776,0.0570342205323194,0.0988593155893536,0.0380228136882129,0.00380228136882129,0.064638783269962,0.456273764258555,263
"perad001","L",0.207692307692308,0.0923076923076923,0.169230769230769,0.0423076923076923,0,0.0307692307692308,0.457692307692308,260
"wadet002","L",0.185897435897436,0.0833333333333333,0.173076923076923,0.0192307692307692,0,0,0.538461538461538,156
"arral001","L",0.0431547619047619,0.0476190476190476,0.239583333333333,0.0476190476190476,0.00446428571428571,0.00595238095238095,0.611607142857143,672
"campl002","R",0.137123745819398,0.0702341137123746,0.140468227424749,0.0434782608695652,0,0.0267558528428094,0.581939799331104,299
"altuj001","R",0.174486803519062,0.0791788856304985,0.196480938416422,0.0454545454545455,0,0.0293255131964809,0.475073313782991,682
"brega001","R",0.135646687697161,0.0772870662460568,0.146687697160883,0.0473186119873817,0.00315457413249211,0.0410094637223975,0.548895899053628,634
"alvay001","L",0.149606299212598,0.124409448818898,0.155905511811024,0.0535433070866142,0.0031496062992126,0.0551181102362205,0.458267716535433,635
"penaj004","R",0.170769230769231,0.06,0.176923076923077,0.0430769230769231,0.00307692307692308,0.0230769230769231,0.523076923076923,650
"diazy004","R",0.172859450726979,0.0420032310177706,0.205169628432956,0.0468497576736672,0.00484652665589661,0.0258481421647819,0.502423263327948,619
"meyej002","R",0.228070175438596,0.087719298245614,0.126705653021442,0.0389863547758285,0.00584795321637427,0.0253411306042885,0.487329434697856,513
"carav001","B",0.193430656934307,0.0948905109489051,0.178832116788321,0.0291970802919708,0.00364963503649635,0.0291970802919708,0.470802919708029,274
"abrej003","R",0.233333333333333,0.05,0.0833333333333333,0.0166666666666667,0,0.0166666666666667,0.6,120
"cabbt001","L",0.373626373626374,0.0549450549450549,0.0989010989010989,0.0879120879120879,0,0.010989010989011,0.373626373626374,91
"dubom001","R",0.128504672897196,0.0420560747663551,0.184579439252336,0.058411214953271,0,0.00934579439252336,0.577102803738318,428
"mccoc001","R",0.269662921348315,0.0786516853932584,0.146067415730337,0.0224719101123595,0.00374531835205993,0.0187265917602996,0.460674157303371,267
"stefm001","R",0.161290322580645,0.104838709677419,0.161290322580645,0.032258064516129,0,0,0.540322580645161,124
"turab002","L",0.169628432956381,0.0840064620355412,0.172859450726979,0.0387722132471729,0.00646203554119548,0.0113085621970921,0.516962843295638,619
"ortij005","R",0.201565557729941,0.12133072407045,0.123287671232877,0.0489236790606654,0.0117416829745597,0.0215264187866928,0.471624266144814,511
"yelic001","L",0.184126984126984,0.133333333333333,0.187301587301587,0.0380952380952381,0.00952380952380952,0.0349206349206349,0.412698412698413,315
"adamw002","R",0.251453488372093,0.109011627906977,0.127906976744186,0.0479651162790698,0,0.0465116279069767,0.417151162790698,688
"bauej001","L",0.341040462427746,0.127167630057803,0.106936416184971,0.0260115606936416,0.00578034682080925,0.0346820809248555,0.358381502890173,346
"hoskr001","R",0.288201160541586,0.11605415860735,0.108317214700193,0.0270793036750484,0,0.0502901353965184,0.410058027079304,517
"frels001","L",0.148854961832061,0.0820610687022901,0.181297709923664,0.0419847328244275,0.00763358778625954,0.00381679389312977,0.534351145038168,524
"sancg002","R",0.271428571428571,0.114285714285714,0.125,0.025,0.00357142857142857,0.0392857142857143,0.421428571428571,280
"perkb002","B",0.25,0.104166666666667,0.164351851851852,0.0300925925925926,0.00462962962962963,0.0138888888888889,0.43287037037037,432
"contw002","R",0.204712812960236,0.119293078055965,0.154639175257732,0.0544918998527246,0.00294550810014728,0.0338733431516937,0.430044182621502,679
"chouj001","R",0.211169284467714,0.0732984293193717,0.158813263525305,0.0506108202443281,0.00698080279232112,0.0366492146596859,0.462478184991274,573
"bledj001","L",0.194704049844237,0.107476635514019,0.11214953271028,0.0669781931464174,0.00623052959501558,0.0311526479750779,0.481308411214953,642
"andum001","R",0.13166144200627,0.0501567398119122,0.210031347962382,0.0438871473354232,0.00313479623824451,0.0125391849529781,0.54858934169279,319
"rookb001","R",0.288273615635179,0.104234527687296,0.151465798045603,0.0423452768729642,0.00325732899022801,0.0635179153094463,0.346905537459283,614
"sodet001","L",0.248826291079812,0.107981220657277,0.117370892018779,0.0469483568075117,0,0.0422535211267606,0.436619718309859,213
"langs001","R",0.271535580524345,0.0861423220973783,0.110486891385768,0.0337078651685393,0.00374531835205993,0.0543071161048689,0.440074906367041,534
"nevit001","R",0.23021582733813,0.107913669064748,0.118705035971223,0.0359712230215827,0,0.0251798561151079,0.482014388489209,278
"geloz001","R",0.343692870201097,0.076782449725777,0.120658135283364,0.036563071297989,0.0036563071297989,0.0310786106032907,0.387568555758684,547
"butll001","L",0.239467849223947,0.0776053215077605,0.133037694013304,0.0532150776053215,0.00443458980044346,0.0487804878048781,0.443458980044346,451
"diaza003","R",0.264705882352941,0.0294117647058824,0.0882352941176471,0,0,0,0.617647058823529,34
"camed001","R",0.274193548387097,0.0752688172043011,0.123655913978495,0.0268817204301075,0.00537634408602151,0.0268817204301075,0.467741935483871,186
"alvaa002","R",0.205128205128205,0.0512820512820513,0.205128205128205,0.0256410256410256,0,0,0.512820512820513,39
"schum002","R",0.259259259259259,0.117647058823529,0.143790849673203,0.0305010893246187,0,0.0152505446623094,0.433551198257081,459
"mccak004","L",0.375796178343949,0.10828025477707,0.152866242038217,0.0254777070063694,0,0.0318471337579618,0.305732484076433,157
"vierm001","R",0.213403880070547,0.0776014109347443,0.148148148148148,0.0493827160493827,0.00881834215167548,0.0282186948853616,0.474426807760141,567
"keitc001","L",0.197841726618705,0.0683453237410072,0.183453237410072,0.026978417266187,0.00719424460431655,0.0233812949640288,0.492805755395683,556
"greer003","L",0.267123287671233,0.118150684931507,0.131849315068493,0.0462328767123288,0.0102739726027397,0.0410958904109589,0.38527397260274,584
"urshg001","R",0.156182212581345,0.052060737527115,0.171366594360087,0.0412147505422994,0.00216919739696312,0.0195227765726681,0.557483731019523,461
"perew002","B",0.216470588235294,0.0776470588235294,0.148235294117647,0.0376470588235294,0.0141176470588235,0.0211764705882353,0.484705882352941,425
"badda001","L",0.329268292682927,0.0975609756097561,0.0487804878048781,0.024390243902439,0.024390243902439,0.024390243902439,0.451219512195122,82
"mallj001","R",0.369565217391304,0.11304347826087,0.108695652173913,0.0304347826086957,0.00434782608695652,0.0347826086956522,0.339130434782609,230
"mckiz001","L",0.212307692307692,0.08,0.126153846153846,0.0430769230769231,0.0153846153846154,0.0123076923076923,0.510769230769231,325
"kellc002","R",0.175718849840256,0.0990415335463259,0.153354632587859,0.0287539936102236,0.00319488817891374,0.0287539936102236,0.511182108626198,313
"canhm001","R",0.207792207792208,0.138528138528139,0.147186147186147,0.0432900432900433,0,0.0151515151515152,0.448051948051948,462
"ibana001","R",0.258196721311475,0.0737704918032787,0.159836065573771,0.0368852459016393,0.00409836065573771,0.0204918032786885,0.44672131147541,244
"rogej004","R",0.293768545994065,0.0741839762611276,0.100890207715134,0.0474777448071217,0.0029673590504451,0.029673590504451,0.451038575667656,337
"kreir001","R",0.292307692307692,0.0923076923076923,0.0923076923076923,0,0,0.0153846153846154,0.507692307692308,65
"semim001","R",0.146239554317549,0.0933147632311978,0.142061281337047,0.0376044568245125,0.00278551532033426,0.032033426183844,0.545961002785515,718
"seagc001","L",0.180112570356473,0.105065666041276,0.151969981238274,0.0393996247654784,0,0.0562851782363977,0.467166979362101,533
"smitj007","L",0.204391891891892,0.108108108108108,0.153716216216216,0.0506756756756757,0.00168918918918919,0.0219594594594595,0.459459459459459,592
"langw001","R",0.206463195691203,0.0987432675044883,0.145421903052065,0.0448833034111311,0.00718132854578097,0.0287253141831239,0.468581687612208,557
"garca005","R",0.277864992150706,0.0800627943485086,0.122448979591837,0.0423861852433281,0,0.0392464678178964,0.437990580847724,637
"lowen001","L",0.221238938053097,0.132743362831858,0.169911504424779,0.0283185840707965,0.00176991150442478,0.0283185840707965,0.417699115044248,565
"heimj001","B",0.183299389002037,0.0610997963340122,0.152749490835031,0.0244399185336049,0.00203665987780041,0.0264765784114053,0.54989816700611,491
"jankt001","L",0.21256038647343,0.0821256038647343,0.154589371980676,0.0241545893719807,0,0.00483091787439614,0.521739130434783,207
"hiurk001","R",0.37037037037037,0,0.148148148148148,0,0,0,0.481481481481481,27
"tavel001","B",0.2117202268431,0.0793950850661626,0.147448015122873,0.0321361058601134,0.0056710775047259,0.0226843100189036,0.500945179584121,529
"kniza001","R",0.236559139784946,0.021505376344086,0.139784946236559,0.010752688172043,0,0.010752688172043,0.580645161290323,93
"hilld002","R",0.325581395348837,0.0406976744186047,0.151162790697674,0.0232558139534884,0.0116279069767442,0.0406976744186047,0.406976744186047,172
"crawj002","L",0.226164079822616,0.12860310421286,0.11529933481153,0.0354767184035477,0.00443458980044346,0.0199556541019956,0.470066518847007,451
"rojaj001","L",0.226890756302521,0.102941176470588,0.138655462184874,0.0399159663865546,0.00420168067226891,0.0168067226890756,0.470588235294118,476
"ralec001","B",0.279106858054226,0.121212121212121,0.111642743221691,0.025518341307815,0,0.0542264752791069,0.40829346092504,627
"rodrj007","R",0.254486133768352,0.0717781402936378,0.192495921696574,0.0277324632952692,0,0.032626427406199,0.420880913539967,613
"ralel001","L",0.296703296703297,0.103296703296703,0.120879120879121,0.0417582417582418,0.0043956043956044,0.0483516483516484,0.384615384615385,455
"frant002","R",0.213084112149533,0.0953271028037383,0.14018691588785,0.0448598130841121,0,0.0242990654205607,0.482242990654206,535
"polaj001","B",0.292110874200426,0.106609808102345,0.132196162046908,0.023454157782516,0,0.0341151385927505,0.411513859275053,469
"hanim001","R",0.297872340425532,0.099290780141844,0.130023640661939,0.0283687943262411,0,0.0283687943262411,0.416075650118203,423
"clasj001","B",0.257575757575758,0.0757575757575758,0.181818181818182,0.0303030303030303,0,0.0151515151515152,0.439393939393939,66
"moord002","R",0.27891156462585,0.151927437641723,0.0839002267573696,0.0521541950113379,0.0090702947845805,0.0226757369614512,0.401360544217687,441
"roblv001","R",0.179661016949153,0.108474576271186,0.183050847457627,0.0677966101694915,0,0.0135593220338983,0.447457627118644,295
"blisr001","R",0.309859154929577,0.0845070422535211,0.112676056338028,0.0422535211267606,0.0140845070422535,0.028169014084507,0.408450704225352,71
"garvm001","R",0.309302325581395,0.13953488372093,0.072093023255814,0.0395348837209302,0,0.0348837209302326,0.404651162790698,430
"harrb002","R",0.203252032520325,0.154471544715447,0.0731707317073171,0.024390243902439,0,0.024390243902439,0.520325203252033,123
"brows003","L",0.28,0.0675,0.15,0.0275,0.0025,0.035,0.4375,400
"toroa001","B",0.170798898071625,0.0661157024793388,0.15702479338843,0.046831955922865,0.00275482093663912,0.0165289256198347,0.539944903581267,363
"blacc001","L",0.172344689378758,0.0981963927855711,0.148296593186373,0.0480961923847695,0.0100200400801603,0.0240480961923848,0.498997995991984,499
"tovae001","R",0.287769784172662,0.0388489208633093,0.145323741007194,0.0647482014388489,0.00575539568345324,0.037410071942446,0.420143884892086,695
"mcmar001","L",0.286821705426357,0.111627906976744,0.137984496124031,0.0434108527131783,0,0.0310077519379845,0.389147286821705,645
"bryak001","R",0.309677419354839,0.135483870967742,0.141935483870968,0.032258064516129,0,0.0129032258064516,0.367741935483871,155
"rodgb002","R",0.244897959183673,0.0649350649350649,0.168831168831169,0.0538033395176252,0.00185528756957328,0.0241187384044527,0.441558441558442,539
"toglm001","B",0.320960698689956,0.120087336244541,0.0982532751091703,0.0305676855895196,0.00655021834061135,0.0545851528384279,0.368995633187773,458
"cavej001","L",0.283236994219653,0.0549132947976879,0.153179190751445,0.046242774566474,0.0144508670520231,0.0202312138728324,0.427745664739884,346
"diaze005","R",0.196581196581197,0.0683760683760684,0.170940170940171,0.056980056980057,0,0.0170940170940171,0.49002849002849,351
"hills005","L",0.354430379746835,0.0886075949367089,0.107594936708861,0.0316455696202532,0.00632911392405063,0.0632911392405063,0.348101265822785,158
"doylb001","R",0.253731343283582,0.0812603648424544,0.149253731343284,0.0398009950248756,0.0066334991708126,0.0381426202321725,0.431177446102819,603
"stalj001","R",0.231316725978648,0.128113879003559,0.131672597864769,0.0604982206405694,0.00355871886120996,0.0320284697508897,0.412811387900356,281
"lindf001","B",0.184861717612809,0.098981077147016,0.138282387190684,0.0567685589519651,0.00145560407569141,0.0480349344978166,0.471615720524017,687
"nimmb001","L",0.238310708898944,0.134238310708899,0.116138763197587,0.0377073906485671,0.00452488687782805,0.0346907993966818,0.434389140271493,663
"martj006","R",0.284848484848485,0.111111111111111,0.123232323232323,0.0484848484848485,0.00202020202020202,0.0323232323232323,0.397979797979798,495
"alonp001","R",0.247482014388489,0.119424460431655,0.116546762589928,0.0446043165467626,0,0.0489208633093525,0.423021582733813,695
"vienm001","R",0.297356828193833,0.079295154185022,0.134361233480176,0.0484581497797357,0,0.0594713656387665,0.381057268722467,454
"iglej001","R",0.134020618556701,0.0687285223367698,0.240549828178694,0.0549828178694158,0.00343642611683849,0.013745704467354,0.484536082474227,291
"taylt002","R",0.231884057971014,0.0695652173913043,0.136231884057971,0.063768115942029,0.00869565217391304,0.0202898550724638,0.469565217391304,345
"alvaf001","R",0.251461988304094,0.0935672514619883,0.134502923976608,0.0409356725146199,0.00584795321637427,0.0321637426900585,0.441520467836257,342
"badeh001","R",0.217391304347826,0.0663615560640732,0.146453089244851,0.0434782608695652,0,0.0274599542334096,0.498855835240275,437
"winkj002","L",0.208661417322835,0.143700787401575,0.141732283464567,0.0452755905511811,0,0.0275590551181102,0.433070866141732,508
"torrl001","R",0.215384615384615,0.0846153846153846,0.123076923076923,0.0615384615384615,0,0.0230769230769231,0.492307692307692,130
"mcnej002","L",0.144067796610169,0.0932203389830508,0.133474576271186,0.0550847457627119,0,0.0254237288135593,0.548728813559322,472
"leblc001","R",0.321428571428571,0.25,0.0714285714285714,0,0,0.0714285714285714,0.285714285714286,28
"cleme002","R",0.0909090909090909,0.0310421286031042,0.172949002217295,0.0465631929046563,0.00665188470066519,0.0266075388026608,0.625277161862528,451
"varsd001","L",0.267056530214425,0.101364522417154,0.101364522417154,0.0409356725146199,0.01364522417154,0.0350877192982456,0.440545808966862,513
"guerv002","R",0.137733142037303,0.110473457675753,0.177905308464849,0.0631276901004304,0.00143472022955524,0.0430416068866571,0.466284074605452,697
"horws001","L",0.183727034120735,0.128608923884514,0.146981627296588,0.0498687664041995,0,0.031496062992126,0.459317585301837,381
"kirka001","R",0.132124352331606,0.0958549222797927,0.158031088082902,0.0492227979274611,0.00259067357512953,0.0129533678756477,0.549222797927461,386
"wagnw001","L",0.186046511627907,0.0465116279069767,0.197674418604651,0.0697674418604651,0,0.0232558139534884,0.476744186046512,86
"jimel003","R",0.280952380952381,0.133333333333333,0.123809523809524,0.0523809523809524,0,0.019047619047619,0.39047619047619,210
"lopej008","L",0.362595419847328,0.0648854961832061,0.118320610687023,0.049618320610687,0.0152671755725191,0.0152671755725191,0.374045801526718,262
"berrs002","B",0.311111111111111,0.177777777777778,0.133333333333333,0.0222222222222222,0,0,0.355555555555556,45
"sprig001","R",0.187296416938111,0.107491856677524,0.128664495114007,0.0309446254071661,0.00488599348534202,0.0309446254071661,0.509771986970684,614
"servb001","R",0.309859154929577,0.0985915492957746,0.0845070422535211,0.0563380281690141,0,0,0.450704225352113,71
"barga001","L",0.266666666666667,0.0666666666666667,0.102222222222222,0.0488888888888889,0,0.0311111111111111,0.484444444444444,225
"schnd001","R",0.317180616740088,0.114537444933921,0.0947136563876652,0.0418502202643172,0.00220264317180617,0.0286343612334802,0.400881057268722,454
"harrm004","L",0.2,0.0574468085106383,0.176595744680851,0.0297872340425532,0.00638297872340425,0.0340425531914894,0.495744680851064,470
"rilea001","R",0.251599147121535,0.0895522388059701,0.132196162046908,0.0554371002132196,0.00426439232409382,0.0405117270788913,0.426439232409382,469
"ozunm001","R",0.247093023255814,0.111918604651163,0.164244186046512,0.0450581395348837,0,0.0566860465116279,0.375,688
"olsom001","L",0.248175182481752,0.116788321167883,0.118248175182482,0.054014598540146,0.00145985401459854,0.0423357664233577,0.418978102189781,685
"murps001","R",0.253787878787879,0.113636363636364,0.109848484848485,0.0189393939393939,0.00378787878787879,0.0378787878787879,0.462121212121212,264
"arcio002","R",0.212624584717608,0.0714285714285714,0.131229235880399,0.0398671096345515,0,0.0282392026578073,0.516611295681063,602
"kelej001","L",0.296213808463252,0.0734966592427617,0.133630289532294,0.0400890868596882,0.0044543429844098,0.0334075723830735,0.418708240534521,449
"laurr001","R",0.310679611650485,0.0711974110032362,0.148867313915858,0.0517799352750809,0.00323624595469256,0.0355987055016181,0.378640776699029,309
"kavan001","L",0.386792452830189,0.122641509433962,0.10377358490566,0.0188679245283019,0,0.0377358490566038,0.330188679245283,106
"duvaa001","R",0.3,0.0787878787878788,0.103030303030303,0.0303030303030303,0,0.0333333333333333,0.454545454545455,330
"darnt001","R",0.26099706744868,0.0879765395894428,0.12316715542522,0.0469208211143695,0,0.0439882697947214,0.436950146627566,341
"lopej005","R",0.352112676056338,0.0422535211267606,0.183098591549296,0.0422535211267606,0,0.0140845070422535,0.366197183098592,71
"willl001","R",0.25,0.0961538461538462,0.115384615384615,0.0576923076923077,0,0,0.480769230769231,52
"turnj001","R",0.176252319109462,0.133580705009276,0.155844155844156,0.0445269016697588,0,0.0204081632653061,0.469387755102041,539
"urial001","R",0.311926605504587,0.137614678899083,0.0642201834862385,0.0642201834862385,0,0.036697247706422,0.385321100917431,109
"rival002","B",0.27906976744186,0.127906976744186,0.174418604651163,0.0116279069767442,0.0116279069767442,0,0.395348837209302,86
"ohtas001","L",0.221614227086183,0.119015047879617,0.13406292749658,0.0519835841313269,0.00957592339261286,0.0738714090287278,0.389876880984952,731
"bettm001","R",0.11046511627907,0.12015503875969,0.158914728682171,0.0465116279069767,0.00968992248062015,0.0368217054263566,0.517441860465116,516
"freef001","L",0.156739811912226,0.137931034482759,0.147335423197492,0.054858934169279,0.00313479623824451,0.0344827586206897,0.46551724137931,638
"hernt002","R",0.288343558282209,0.093558282208589,0.142638036809816,0.049079754601227,0.00306748466257669,0.0506134969325153,0.372699386503067,652
"smitw003","R",0.193014705882353,0.110294117647059,0.132352941176471,0.0441176470588235,0.00367647058823529,0.0367647058823529,0.479779411764706,544
"edmat001","B",0.196078431372549,0.0784313725490196,0.137254901960784,0.0326797385620915,0.0065359477124183,0.0392156862745098,0.509803921568627,153
"muncm001","L",0.262798634812287,0.170648464163823,0.0784982935153584,0.0580204778156997,0,0.0511945392491468,0.378839590443686,293
"rojam002","R",0.100890207715134,0.0771513353115727,0.178041543026706,0.0623145400593472,0,0.0178041543026706,0.56379821958457,337
"taylc001","R",0.308943089430894,0.121951219512195,0.126016260162602,0.0284552845528455,0.0040650406504065,0.016260162601626,0.394308943089431,246
"lux-g001","L",0.225872689938398,0.0944558521560575,0.151950718685832,0.0492813141683778,0.00410677618069815,0.0205338809034908,0.453798767967146,487
"barna001","R",0.230769230769231,0.0897435897435897,0.211538461538462,0.0192307692307692,0,0.00641025641025641,0.442307692307692,156
"pagea001","R",0.243792325056433,0.0790067720090293,0.142212189616253,0.0519187358916479,0.00225733634311512,0.0293453724604966,0.451467268623025,443
"herne001","R",0.195928753180662,0.0687022900763359,0.139949109414758,0.0407124681933842,0,0.0305343511450382,0.524173027989822,393
"kierk001","L",0.306049822064057,0.0498220640569395,0.120996441281139,0.0320284697508897,0.0106761565836299,0.0177935943060498,0.462633451957295,281
"tuckk001","L",0.15929203539823,0.168141592920354,0.129793510324484,0.0383480825958702,0,0.0678466076696165,0.436578171091445,339
"wagae001","R",0.22972972972973,0.027027027027027,0.148648648648649,0.0675675675675676,0,0.027027027027027,0.5,74
"adamj003","R",0.315789473684211,0.0789473684210526,0.184210526315789,0,0,0.0263157894736842,0.394736842105263,38
"gameb001","L",0.242424242424242,0.181818181818182,0.151515151515152,0.0404040404040404,0,0.0101010101010101,0.373737373737374,99
"heywj001","L",0.205426356589147,0.10077519379845,0.0930232558139535,0.0465116279069767,0.00775193798449612,0.0387596899224806,0.507751937984496,258
"campg001","B",0.166666666666667,0.0416666666666667,0.1875,0,0.0208333333333333,0.0208333333333333,0.5625,48
"deloz001","L",0.28,0.106666666666667,0.106666666666667,0.0666666666666667,0,0.0133333333333333,0.426666666666667,75
"robel002","R",0.331764705882353,0.0705882352941176,0.129411764705882,0.0447058823529412,0,0.0329411764705882,0.390588235294118,425
"benia002","L",0.183908045977011,0.0804597701149425,0.132183908045977,0.0383141762452107,0,0.0383141762452107,0.526819923371648,522
"vauga001","R",0.213247172859451,0.0710823909531502,0.145395799676898,0.0484652665589661,0.00161550888529887,0.0306946688206785,0.489499192245557,619
"ramob001","R",0.203703703703704,0.0648148148148148,0.12037037037037,0.037037037037037,0,0.0277777777777778,0.546296296296296,108
"sosal001","R",0.208672086720867,0.040650406504065,0.184281842818428,0.035230352303523,0,0.021680216802168,0.509485094850949,369
"vargm001","R",0.240506329113924,0.118143459915612,0.080168776371308,0.029535864978903,0,0.0210970464135021,0.510548523206751,237
"robic003","R",0.263157894736842,0.0789473684210526,0.118421052631579,0,0,0,0.539473684210526,76
"amayj001","R",0.388888888888889,0.0555555555555556,0.152777777777778,0.0138888888888889,0,0,0.388888888888889,72
"lopen001","L",0.150561797752809,0.0921348314606742,0.179775280898876,0.0269662921348315,0.00674157303370787,0.00224719101123596,0.541573033707865,445
"sheeg001","L",0.211576846307385,0.093812375249501,0.139720558882236,0.0479041916167665,0.00199600798403194,0.0199600798403194,0.48502994011976,501
"fletd003","L",0.240663900414938,0.0580912863070539,0.153526970954357,0.033195020746888,0,0.004149377593361,0.510373443983402,241
"lee-k002","R",0.309644670050761,0.0431472081218274,0.131979695431472,0.0355329949238579,0.00253807106598985,0.0304568527918782,0.446700507614213,394
"moncy001","B",0.244444444444444,0.111111111111111,0.155555555555556,0.0666666666666667,0.0222222222222222,0,0.4,45
"durae002","R",0.221052631578947,0.056140350877193,0.182456140350877,0.0385964912280702,0,0.0105263157894737,0.491228070175439,285
"duffm002","R",0.1,0.3,0.2,0,0,0,0.4,10
"harrd003","L",0.285714285714286,0.142857142857143,0,0.142857142857143,0,0.142857142857143,0.285714285714286,7
"ornej001","R",0.325,0.05,0.15,0.05,0,0,0.425,40
"jonen002","L",0.306397306397306,0.124579124579125,0.138047138047138,0.0437710437710438,0.00336700336700337,0.0101010101010101,0.373737373737374,297
"martk001","B",0.181818181818182,0.120068610634648,0.147512864493997,0.039451114922813,0.00343053173241852,0.0617495711835334,0.445969125214408,583
"carrc005","L",0.190058479532164,0.121345029239766,0.114035087719298,0.0321637426900585,0.0204678362573099,0.0321637426900585,0.489766081871345,684
"gurrl001","R",0.182640144665461,0.0632911392405063,0.182640144665461,0.0397830018083183,0.00361663652802893,0.0325497287522604,0.495479204339964,553
"walkc002","R",0.240942028985507,0.117753623188406,0.123188405797101,0.0471014492753623,0,0.0471014492753623,0.423913043478261,552
"moreg001","R",0.148148148148148,0.122507122507123,0.162393162393162,0.0512820512820513,0.00284900284900285,0.0142450142450142,0.498575498575499,351
"monte001","R",0.226720647773279,0.0809716599190283,0.129554655870445,0.0404858299595142,0,0.0161943319838057,0.506072874493927,247
"suare001","R",0.275,0.090625,0.134375,0.04375,0.003125,0.046875,0.40625,640
"alexb001","R",0.264864864864865,0.0972972972972973,0.167567567567568,0.0378378378378378,0,0.0162162162162162,0.416216216216216,185
"thoma004","L",0.16504854368932,0.0679611650485437,0.087378640776699,0.0485436893203883,0.00970873786407767,0.029126213592233,0.592233009708738,103
"perdg001","B",0.149484536082474,0.100515463917526,0.170103092783505,0.0541237113402062,0.00515463917525773,0.0077319587628866,0.512886597938144,388
"pedej001","L",0.233853006681514,0.162583518930958,0.133630289532294,0.0378619153674833,0.0022271714922049,0.0512249443207127,0.378619153674833,449
"barnt001","L",0.322916666666667,0.135416666666667,0.114583333333333,0.03125,0,0,0.395833333333333,96
"mccaj003","L",0.157575757575758,0.0909090909090909,0.197979797979798,0.0262626262626263,0.0141414141414141,0.0161616161616162,0.496969696969697,495
"cabro002","L",0.294117647058824,0,0.235294117647059,0.0588235294117647,0,0,0.411764705882353,17
"barrj004","B",0.111111111111111,0,0.0555555555555556,0.111111111111111,0,0,0.722222222222222,18
"petej002","L",0.230769230769231,0.115384615384615,0.0384615384615385,0,0,0,0.615384615384615,26
"grist001","L",0.272727272727273,0.124401913875598,0.0813397129186603,0.0382775119617225,0,0.0430622009569378,0.440191387559809,209
"bertj001","R",0.189189189189189,0.0945945945945946,0.22972972972973,0,0,0.0135135135135135,0.472972972972973,74
"mcgos001","R",1,0,0,0,0,0,0,1
"contw001","R",0.268156424581006,0.159217877094972,0.131284916201117,0.0474860335195531,0,0.0418994413407821,0.35195530726257,358
"walkj003","R",0.280898876404494,0.0674157303370786,0.0955056179775281,0.0561797752808989,0.00561797752808989,0.0280898876404494,0.466292134831461,178
"scotv001","L",0.270967741935484,0.0516129032258065,0.0967741935483871,0.0580645161290323,0,0.0129032258064516,0.509677419354839,155
"gricr001","R",0.164874551971326,0.0824372759856631,0.14336917562724,0.0716845878136201,0.00716845878136201,0.043010752688172,0.487455197132616,279
"newmk001","R",0.154340836012862,0.0482315112540193,0.189710610932476,0.0546623794212219,0.00321543408360129,0.00964630225080386,0.540192926045016,311
"crawb001","L",0.325,0.1125,0.075,0.0625,0,0.0125,0.4125,80
"happi001","B",0.255707762557078,0.13089802130898,0.117199391171994,0.0517503805175038,0.0030441400304414,0.0380517503805175,0.403348554033486,657
"swand001","R",0.24283305227656,0.0944350758853288,0.141652613827993,0.045531197301855,0.00337268128161889,0.0269814502529511,0.445193929173693,593
"bellc002","L",0.156414762741652,0.0843585237258348,0.163444639718805,0.0404217926186292,0.00527240773286467,0.031634446397188,0.518453427065026,569
"morec001","R",0.260229132569558,0.11620294599018,0.114566284779051,0.0180032733224223,0.00490998363338789,0.0343698854337152,0.451718494271686,611
"buscm003","L",0.285714285714286,0.118165784832451,0.126984126984127,0.0493827160493827,0.00352733686067019,0.037037037037037,0.379188712522046,567
"coopg002","R",0.301724137931034,0.0775862068965517,0.129310344827586,0.0431034482758621,0.00862068965517241,0.00862068965517241,0.431034482758621,116
"hoern001","R",0.102964118564743,0.0873634945397816,0.180967238689548,0.0546021840873635,0.0015600624024961,0.0109204368174727,0.561622464898596,641
"taucm001","L",0.2,0.145714285714286,0.154285714285714,0.0342857142857143,0.00285714285714286,0.02,0.442857142857143,350
"amaym001","R",0.170798898071625,0.0743801652892562,0.146005509641873,0.0358126721763085,0.00550964187327824,0.0220385674931129,0.545454545454545,363
"mastm001","L",0.160377358490566,0.0660377358490566,0.150943396226415,0.0283018867924528,0,0,0.594339622641509,106
"madrn001","R",0.106382978723404,0.074468085106383,0.170212765957447,0.0319148936170213,0,0,0.617021276595745,94
"gomey001","R",0.375,0.03125,0.104166666666667,0.0208333333333333,0,0.0208333333333333,0.447916666666667,96
"canaa001","R",0.392857142857143,0.107142857142857,0.178571428571429,0.0357142857142857,0,0.0357142857142857,0.25,28
"smitp002","L",0.19620253164557,0.113924050632911,0.107594936708861,0.069620253164557,0,0.0569620253164557,0.455696202531646,158
"bogax001","R",0.170626349892009,0.0626349892008639,0.185745140388769,0.0323974082073434,0.00215982721382289,0.0237580993520518,0.52267818574514,463
"rosae002","R",0.350877192982456,0.0526315789473684,0.0701754385964912,0.105263157894737,0,0.0526315789473684,0.368421052631579,57
"indij001","R",0.196232339089482,0.149136577708006,0.136577708006279,0.043956043956044,0.00313971742543171,0.0235478806907378,0.447409733124019,637
"delae003","B",0.313218390804598,0.107758620689655,0.127873563218391,0.0517241379310345,0.014367816091954,0.0359195402298851,0.349137931034483,696
"stees001","R",0.208841463414634,0.121951219512195,0.108231707317073,0.0518292682926829,0.00609756097560976,0.0304878048780488,0.472560975609756,656
"stept001","R",0.227184466019417,0.10873786407767,0.139805825242718,0.0504854368932039,0.00194174757281553,0.0368932038834951,0.43495145631068,515
"candj002","B",0.24622030237581,0.0712742980561555,0.110151187904968,0.0496760259179266,0.00431965442764579,0.0431965442764579,0.475161987041037,463
"fordm002","L",0.241935483870968,0.032258064516129,0.112903225806452,0,0.0161290322580645,0.0161290322580645,0.580645161290323,62
"fairs001","R",0.257510729613734,0.0901287553648069,0.124463519313305,0.0343347639484979,0,0.0343347639484979,0.459227467811159,233
"espis001","R",0.138107416879795,0.0664961636828645,0.171355498721228,0.030690537084399,0,0.0230179028132992,0.570332480818414,391
"bensw001","L",0.396907216494845,0.108247422680412,0.0747422680412371,0.0489690721649485,0.00515463917525773,0.0360824742268041,0.329896907216495,388
"fralj001","L",0.183246073298429,0.0759162303664921,0.18586387434555,0.049738219895288,0.00523560209424084,0.0130890052356021,0.486910994764398,382
"capec001","L",0.25,0,0.25,0,0,0,0.5,8
"hurtj001","L",0.264705882352941,0.132352941176471,0.117647058823529,0.0147058823529412,0.0147058823529412,0,0.455882352941176,68
"maill001","R",0.337662337662338,0.11038961038961,0.116883116883117,0.025974025974026,0,0.012987012987013,0.396103896103896,154
"carpk001","L",0.253378378378378,0.0878378378378378,0.121621621621622,0.0540540540540541,0.0168918918918919,0.0608108108108108,0.405405405405405,296
"torks001","R",0.275590551181102,0.0971128608923885,0.112860892388451,0.0551181102362205,0.0026246719160105,0.026246719160105,0.430446194225722,381
"baezj001","R",0.238754325259516,0.0484429065743945,0.110726643598616,0.041522491349481,0,0.0207612456747405,0.539792387543253,289
"chisj001","L",0.244766505636071,0.0917874396135266,0.152979066022544,0.0338164251207729,0.00644122383252818,0.0386473429951691,0.431561996779388,621
"delab001","R",0.273311897106109,0.0514469453376206,0.144694533762058,0.0401929260450161,0,0.0337620578778135,0.456591639871383,622
"bellj005","B",0.199004975124378,0.0945273631840796,0.149253731343284,0.0381426202321725,0.0033167495854063,0.0315091210613599,0.48424543946932,603
"sancj003","L",0.260707635009311,0.0837988826815642,0.147113594040968,0.0465549348230912,0.00186219739292365,0.0335195530726257,0.426443202979516,537
"burgj001","R",0.259067357512953,0.0690846286701209,0.139896373056995,0.0397236614853195,0.00172711571675302,0.0500863557858377,0.440414507772021,579
"gordn001","L",0.243636363636364,0.0436363636363636,0.141818181818182,0.04,0.00363636363636364,0.0290909090909091,0.498181818181818,275
"andet001","R",0.282157676348548,0.029045643153527,0.195020746887967,0.012448132780083,0,0,0.481327800829876,241
"lopeo001","R",0.172811059907834,0.0599078341013825,0.182027649769585,0.0529953917050691,0.00230414746543779,0.0138248847926267,0.516129032258065,434
"fortn001","R",0.122388059701493,0.0447761194029851,0.149253731343284,0.0477611940298507,0,0.0119402985074627,0.623880597014925,335
"myerd001","R",0.333333333333333,0.101851851851852,0.138888888888889,0.0555555555555556,0.00925925925925926,0.0277777777777778,0.333333333333333,108
"rivee001","R",0.228476821192053,0.102649006622517,0.155629139072848,0.0298013245033113,0.00662251655629139,0.0165562913907285,0.460264900662252,302
"bethc001","R",0.244897959183673,0.0408163265306122,0.115646258503401,0.0476190476190476,0,0.0340136054421769,0.517006802721088,147
"brujv001","B",0.194244604316547,0.10431654676259,0.133093525179856,0.0503597122302158,0.00719424460431655,0.00719424460431655,0.503597122302158,278
"wiseb001","L",0.238970588235294,0.0551470588235294,0.154411764705882,0.0477941176470588,0.00367647058823529,0.0147058823529412,0.485294117647059,272
"bailp001","B",0.223214285714286,0.0870535714285714,0.154017857142857,0.0357142857142857,0.00223214285714286,0.0178571428571429,0.479910714285714,448
"chapm001","R",0.244204018547141,0.108191653786708,0.114374034003091,0.0602782071097372,0.00309119010819165,0.0417310664605873,0.428129829984544,647
"confm001","L",0.241803278688525,0.0963114754098361,0.110655737704918,0.055327868852459,0.00614754098360656,0.040983606557377,0.448770491803279,488
"ramoh002","R",0.260617760617761,0.0752895752895753,0.154440154440154,0.0444015444015444,0.00579150579150579,0.0424710424710425,0.416988416988417,518
"solej001","R",0.245644599303136,0.128919860627178,0.109756097560976,0.0592334494773519,0.00174216027874564,0.0365853658536585,0.418118466898955,574
"yastm001","L",0.261603375527426,0.0928270042194093,0.118143459915612,0.0337552742616034,0.0189873417721519,0.0379746835443038,0.436708860759494,474
"schmc003","R",0.221238938053097,0.0442477876106195,0.141592920353982,0.0353982300884956,0.00884955752212389,0.0530973451327434,0.495575221238938,113
"broot002","L",0.206896551724138,0.137931034482759,0.103448275862069,0,0,0,0.551724137931034,29
"estrt001","R",0.199475065616798,0.0393700787401575,0.139107611548556,0.0393700787401575,0.005249343832021,0.0236220472440945,0.553805774278215,381
"florw001","R",0.136363636363636,0.0950413223140496,0.115702479338843,0.0495867768595041,0,0.0165289256198347,0.586776859504132,242
"matol002","R",0.153846153846154,0.032051282051282,0.141025641025641,0.032051282051282,0,0.032051282051282,0.608974358974359,156
"slata001","R",0.283018867924528,0.14622641509434,0.14622641509434,0.0188679245283019,0,0.00943396226415094,0.39622641509434,212
"fitzt001","R",0.316715542521994,0.0762463343108504,0.152492668621701,0.0557184750733138,0.00586510263929619,0.0439882697947214,0.348973607038123,341
"casac001","R",0.176,0.12,0.136,0.024,0,0.008,0.536,125
"phamt001","R",0.221757322175732,0.0774058577405858,0.161087866108787,0.0418410041841004,0.00627615062761506,0.0188284518828452,0.472803347280335,478
"dejop001","R",0.323651452282158,0.0663900414937759,0.12448132780083,0.0352697095435685,0,0.0497925311203319,0.400414937759336,482
"mendd002","R",0.24822695035461,0.0567375886524823,0.113475177304965,0.049645390070922,0,0.0212765957446809,0.51063829787234,141
"julkc001","R",0.264550264550265,0.0793650793650794,0.142857142857143,0.037037037037037,0,0.0158730158730159,0.46031746031746,189
"maldm001","R",0.346938775510204,0.0612244897959184,0.0612244897959184,0.0204081632653061,0,0.0272108843537415,0.482993197278912,147
"colao001","L",0.263157894736842,0.131578947368421,0.236842105263158,0,0,0,0.368421052631579,38
"lewir003","R",0.227692307692308,0.0861538461538462,0.110769230769231,0.0492307692307692,0,0.0492307692307692,0.476923076923077,325
"corrc001","R",0.166212534059946,0.11716621253406,0.171662125340599,0.0544959128065395,0.00544959128065395,0.0381471389645777,0.446866485013624,367
"herrj003","B",0.236842105263158,0.0789473684210526,0.140350877192982,0.0350877192982456,0.0087719298245614,0.0087719298245614,0.491228070175439,114
"albio001","B",0.154228855721393,0.0746268656716418,0.139303482587065,0.0696517412935323,0.00248756218905473,0.0199004975124378,0.539800995024876,402
"rosae001","L",0.241379310344828,0.0501567398119122,0.0940438871473354,0.0376175548589342,0,0.0313479623824451,0.545454545454545,319
"white006","R",0.285714285714286,0.0714285714285714,0.19047619047619,0.0238095238095238,0.0238095238095238,0.0238095238095238,0.380952380952381,42
"jansd001","R",0.188271604938272,0.132716049382716,0.108024691358025,0.0401234567901235,0,0.0277777777777778,0.503086419753086,324
"mccua001","R",0.258252427184466,0.12621359223301,0.12621359223301,0.0349514563106796,0.00194174757281553,0.0388349514563107,0.413592233009709,515
"cruzo001","L",0.302170283806344,0.0901502504173623,0.136894824707846,0.0567612687813022,0.00500834724540901,0.0350584307178631,0.373956594323873,599
"gonzn001","R",0.191214470284238,0.0594315245478036,0.175710594315245,0.0490956072351421,0.00775193798449612,0.0180878552971576,0.498708010335917,387
"tellr001","L",0.211401425178147,0.0783847980997625,0.147268408551069,0.0427553444180523,0,0.0308788598574822,0.489311163895487,421
"palaj001","L",0.153846153846154,0.141025641025641,0.141025641025641,0.0256410256410256,0,0.0256410256410256,0.512820512820513,78
"hayek001","R",0.189393939393939,0.0681818181818182,0.181818181818182,0.0227272727272727,0,0.0101010101010101,0.527777777777778,396
"suwij001","L",0.285198555956679,0.101083032490975,0.101083032490975,0.0288808664259928,0,0.0324909747292419,0.451263537906137,277
"bartj003","R",0.25886524822695,0.099290780141844,0.152482269503546,0.0390070921985816,0,0.0460992907801418,0.404255319148936,282
"taylm002","R",0.35,0.0766666666666667,0.123333333333333,0.03,0.00333333333333333,0.0166666666666667,0.4,300
"joe-c001","R",0.21875,0.120192307692308,0.122596153846154,0.0528846153846154,0.00240384615384615,0.0216346153846154,0.461538461538462,416
"bae-j001","L",0.296296296296296,0.0740740740740741,0.148148148148148,0.0246913580246914,0,0,0.45679012345679,81
"trioj001","R",0.26457399103139,0.105381165919283,0.145739910313901,0.0224215246636771,0.00224215246636771,0.0201793721973094,0.439461883408072,446
"grany001","B",0.189300411522634,0.0987654320987654,0.123456790123457,0.0411522633744856,0,0.037037037037037,0.510288065843621,243
"willa005","R",0.229166666666667,0.0416666666666667,0.125,0.0416666666666667,0.0208333333333333,0,0.541666666666667,96
"abrac001","L",0.212624584717608,0.0930232558139535,0.129568106312292,0.0481727574750831,0.00996677740863787,0.0332225913621262,0.473421926910299,602
"yepej001","R",0.168674698795181,0.0763052208835341,0.172690763052209,0.0602409638554217,0,0.0240963855421687,0.497991967871486,249
"woodj004","L",0.288690476190476,0.12202380952381,0.154761904761905,0.0386904761904762,0.0119047619047619,0.0267857142857143,0.357142857142857,336
"ruizk001","B",0.111340206185567,0.0432989690721649,0.14639175257732,0.0432989690721649,0,0.0268041237113402,0.628865979381443,485
"calla002","R",0.168141592920354,0.123893805309735,0.194690265486726,0.079646017699115,0,0.0265486725663717,0.407079646017699,113
"vargi001","B",0.102310231023102,0.0693069306930693,0.165016501650165,0.0528052805280528,0,0.0033003300330033,0.607260726072607,303
"younj004","R",0.195777351247601,0.0806142034548944,0.17658349328215,0.0460652591170825,0.00191938579654511,0.00575815738963532,0.493282149712092,521
"lipst001","R",0.18957345971564,0.0853080568720379,0.161137440758294,0.014218009478673,0,0.004739336492891,0.545023696682464,211
"garcl006","L",0.162878787878788,0.0511363636363636,0.183712121212121,0.0473484848484848,0.00189393939393939,0.0340909090909091,0.518939393939394,528
"nunen001","B",0.192307692307692,0.153846153846154,0.179487179487179,0.0128205128205128,0,0,0.461538461538462,78
"blant002","L",0.28125,0.03125,0.09375,0.03125,0,0,0.5625,32
"adamr004","R",0.269230769230769,0.0923076923076923,0.138461538461538,0.0384615384615385,0.00769230769230769,0.0153846153846154,0.438461538461538,130
"wilsw002","R",0.295918367346939,0.0918367346938776,0.142857142857143,0.0714285714285714,0.0102040816326531,0.0306122448979592,0.357142857142857,98
"delca001","L",0.32183908045977,0.0804597701149425,0.183908045977011,0.0574712643678161,0,0.0459770114942529,0.310344827586207,87
"stevc001","L",0.148148148148148,0.111111111111111,0.111111111111111,0.111111111111111,0,0,0.518518518518518,27
"beckj003","R",0.353260869565217,0.0706521739130435,0.125,0.0326086956521739,0,0.016304347826087,0.402173913043478,184
"goodh001","R",0.285714285714286,0.0491071428571429,0.0803571428571429,0.0401785714285714,0,0.0580357142857143,0.486607142857143,224
"schua002","R",0.316326530612245,0.0408163265306122,0.173469387755102,0.0306122448979592,0,0.0204081632653061,0.418367346938776,98
"marts002","R",0.218918918918919,0.0810810810810811,0.181081081081081,0.0351351351351351,0.00810810810810811,0.0189189189189189,0.456756756756757,370
"jungj001","R",0.25531914893617,0.0478723404255319,0.180851063829787,0.0265957446808511,0.00531914893617021,0.0372340425531915,0.446808510638298,188
"foscj001","R",0.409090909090909,0.0454545454545455,0.0227272727272727,0.0227272727272727,0,0,0.5,44
"fabis001","R",0,0,0,0,0,0,1,5
"mitcg001","L",0.316964285714286,0.116071428571429,0.120535714285714,0.0535714285714286,0.0133928571428571,0.0357142857142857,0.34375,224
"colli001","B",0.526315789473684,0.105263157894737,0.105263157894737,0,0,0,0.263157894736842,19
"monaa001","R",0.28169014084507,0.119718309859155,0.140845070422535,0.0352112676056338,0,0.00704225352112676,0.415492957746479,142
"haase001","R",0.405797101449275,0.0434782608695652,0.173913043478261,0.0144927536231884,0,0.072463768115942,0.289855072463768,69
"encaj002","R",0.285714285714286,0.0420168067226891,0.151260504201681,0.0420168067226891,0,0.0420168067226891,0.436974789915966,119
"mccrg001","L",0.430769230769231,0.0461538461538462,0.115384615384615,0.0230769230769231,0.0153846153846154,0.0384615384615385,0.330769230769231,130
"wadel001","L",0.224438902743142,0.164588528678304,0.154613466334165,0.0399002493765586,0,0.0199501246882793,0.396508728179551,401
"ahmen001","R",0.223684210526316,0.0526315789473684,0.171052631578947,0.0263157894736842,0.0043859649122807,0.0087719298245614,0.513157894736842,228
"lockb001","R",0.333333333333333,0,0.0833333333333333,0,0,0.0833333333333333,0.5,12
"acunr001","R",0.238738738738739,0.135135135135135,0.157657657657658,0.036036036036036,0.0045045045045045,0.018018018018018,0.40990990990991,222
"tromc001","R",0.314814814814815,0.0185185185185185,0.12962962962963,0.111111111111111,0,0,0.425925925925926,54
"batyb001","L",0.245614035087719,0.0994152046783626,0.16374269005848,0.0175438596491228,0,0.0233918128654971,0.450292397660819,171
"stewd002","L",0.247422680412371,0.180412371134021,0.0979381443298969,0.0206185567010309,0,0.0257731958762887,0.427835051546392,194
"wendj002","L",0.243243243243243,0.027027027027027,0.189189189189189,0.027027027027027,0,0,0.513513513513513,37
"narvo001","L",0.173913043478261,0.0434782608695652,0.115942028985507,0.0289855072463768,0,0,0.63768115942029,69
"lindf001","R",0,0,0.5,0,0,0,0.5,2
"wallf001","L",0.228571428571429,0.0857142857142857,0.228571428571429,0,0,0,0.457142857142857,35
"wendd001","R",0.244897959183673,0.0408163265306122,0.0612244897959184,0.0408163265306122,0,0.0204081632653061,0.591836734693878,49
"fletd002","R",0.111111111111111,0,0.222222222222222,0,0,0,0.666666666666667,9
"carte001","L",0.265432098765432,0.104938271604938,0.0864197530864197,0.037037037037037,0.0123456790123457,0.0308641975308642,0.462962962962963,162
"garca003","R",0.254901960784314,0.0196078431372549,0.176470588235294,0.0196078431372549,0,0.0392156862745098,0.490196078431373,51
"kwans001","L",0.0944444444444444,0.107407407407407,0.198148148148148,0.0296296296296296,0.00555555555555556,0.0259259259259259,0.538888888888889,540
"grisv001","R",0.210526315789474,0.0701754385964912,0.149122807017544,0.0263157894736842,0,0,0.543859649122807,114
"smitd008","L",0.247557003257329,0.104234527687296,0.117263843648208,0.0716612377850163,0,0.0195439739413681,0.439739413680782,307
"gonzr003","R",0.268518518518519,0.0601851851851852,0.166666666666667,0.0462962962962963,0.00462962962962963,0.0277777777777778,0.425925925925926,216
"suzus001","R",0.273504273504274,0.117948717948718,0.155555555555556,0.0461538461538462,0.0102564102564103,0.0358974358974359,0.360683760683761,585
"shorz001","R",0.272727272727273,0.170454545454545,0.0681818181818182,0.0340909090909091,0,0,0.454545454545455,88
"wisdp001","R",0.339080459770115,0.0804597701149425,0.0574712643678161,0.0402298850574713,0.0114942528735632,0.0459770114942529,0.425287356321839,174
"crowp001","L",0.239024390243902,0.0658536585365854,0.14390243902439,0.0317073170731707,0.0146341463414634,0.024390243902439,0.480487804878049,410
"thoml002","R",0.259469696969697,0.0965909090909091,0.128787878787879,0.0492424242424242,0.00568181818181818,0.0284090909090909,0.431818181818182,528
"senzn001","R",0.228464419475655,0.108614232209738,0.104868913857678,0.0411985018726592,0,0.0262172284644195,0.49063670411985,267
"gallj002","L",0.392307692307692,0.138461538461538,0.0653846153846154,0.0346153846153846,0,0.0384615384615385,0.330769230769231,260
"menej001","R",0.201277955271566,0.0830670926517572,0.162939297124601,0.0351437699680511,0,0.00958466453674121,0.507987220447284,313
"davij006","R",0.248407643312102,0.0955414012738854,0.140127388535032,0.0318471337579618,0,0.0254777070063694,0.45859872611465,157
"deluj001","R",0.212707182320442,0.0773480662983425,0.138121546961326,0.0331491712707182,0.0110497237569061,0.0165745856353591,0.511049723756906,362
"martj012","L",0.4,0,0.1,0.1,0,0,0.4,10
"wallt003","B",0.265873015873016,0.123015873015873,0.123015873015873,0.0198412698412698,0.0119047619047619,0.00396825396825397,0.452380952380952,252
"jacka002","R",0.341935483870968,0.0903225806451613,0.0451612903225806,0.0451612903225806,0,0.0193548387096774,0.458064516129032,155
"loweb001","L",0.263529411764706,0.0894117647058824,0.12,0.0447058823529412,0.00705882352941176,0.0494117647058823,0.425882352941176,425
"lowej002","L",0.317829457364341,0.082687338501292,0.13953488372093,0.0490956072351421,0.00516795865633075,0.0258397932816537,0.37984496124031,387
"reynb001","B",0.225433526011561,0.0968208092485549,0.166184971098266,0.0419075144508671,0.00433526011560694,0.0346820809248555,0.430635838150289,692
"olive001","R",0.188775510204082,0.0918367346938776,0.153061224489796,0.0204081632653061,0,0.0255102040816327,0.520408163265306,196
"villd001","R",0.351351351351351,0.027027027027027,0.108108108108108,0.108108108108108,0,0.027027027027027,0.378378378378378,37
"marcr001","B",0.142857142857143,0.0714285714285714,0.142857142857143,0.0714285714285714,0,0.0535714285714286,0.517857142857143,56
"clemk001","L",0.241666666666667,0.05,0.0833333333333333,0.075,0.00833333333333333,0.0416666666666667,0.5,120
"dahld001","L",0.338709677419355,0.0483870967741935,0.112903225806452,0.032258064516129,0,0.0483870967741935,0.419354838709677,62
"alvan001","R",0.3125,0.0625,0.09375,0,0,0,0.53125,32
"martn004","R",0.309917355371901,0.0495867768595041,0.144628099173554,0.0371900826446281,0,0.0165289256198347,0.442148760330579,242
"hindr001","R",0.313725490196078,0.0980392156862745,0.0392156862745098,0.0784313725490196,0.0196078431372549,0.0980392156862745,0.352941176470588,51
"edwax001","B",0.171617161716172,0.108910891089109,0.227722772277228,0.0396039603960396,0.0165016501650165,0.0033003300330033,0.432343234323432,303
"bridj001","R",0.202205882352941,0.121323529411765,0.158088235294118,0.0367647058823529,0,0.0404411764705882,0.441176470588235,272
"stowk001","L",0.354066985645933,0.076555023923445,0.114832535885167,0.0526315789473684,0.00956937799043062,0.0143540669856459,0.37799043062201,209
"hensd002","R",0.293103448275862,0.103448275862069,0.155172413793103,0.0172413793103448,0,0.0172413793103448,0.413793103448276,58
"sanca009","R",0.25,0.0520833333333333,0.125,0.0208333333333333,0,0,0.552083333333333,96
"chapa002","R",0.181818181818182,0.0833333333333333,0.0757575757575758,0.0909090909090909,0,0.0303030303030303,0.537878787878788,132
"tenaj001","L",0.244047619047619,0.0416666666666667,0.208333333333333,0.0297619047619048,0,0.0178571428571429,0.458333333333333,168
"milld003","B",0.258064516129032,0.0806451612903226,0.193548387096774,0.0161290322580645,0,0.0161290322580645,0.435483870967742,62
"romod001","B",0.339622641509434,0.0377358490566038,0.113207547169811,0.0566037735849057,0,0,0.452830188679245,53
"luken001","L",0.0989010989010989,0.10989010989011,0.175824175824176,0.043956043956044,0.021978021978022,0.010989010989011,0.538461538461538,91
"delol003","R",0.32258064516129,0.0645161290322581,0.0967741935483871,0.0645161290322581,0,0,0.451612903225806,31
"friet001","L",0.152492668621701,0.111436950146628,0.140762463343109,0.0146627565982405,0.00293255131964809,0.0381231671554252,0.539589442815249,341
"biggc002","L",0.321428571428571,0.142857142857143,0.120535714285714,0.0223214285714286,0,0.0223214285714286,0.370535714285714,224
"albio001","R",0.0909090909090909,0.0606060606060606,0.121212121212121,0.0303030303030303,0,0.0606060606060606,0.636363636363636,33
"acunl001","R",0.15,0.025,0.15,0.05,0.025,0.075,0.525,40
"gurry001","R",0.230769230769231,0.138461538461538,0.153846153846154,0.0461538461538462,0,0,0.430769230769231,65
"grosr001","B",0.236734693877551,0.142857142857143,0.13469387755102,0.0326530612244898,0,0.0122448979591837,0.440816326530612,245
"alvae001","L",0.181818181818182,0.181818181818182,0,0,0,0,0.636363636363636,11
"haysa001","R",0.231372549019608,0.0666666666666667,0.145098039215686,0.0705882352941176,0,0.0196078431372549,0.466666666666667,255
"kempt001","L",0.1,0.1,0,0,0,0,0.8,10
"loftn001","R",0.140350877192982,0.116959064327485,0.134502923976608,0.0233918128654971,0,0.00584795321637427,0.578947368421053,171
"dunno001","L",0.384615384615385,0.0769230769230769,0.153846153846154,0.0192307692307692,0.0192307692307692,0.00961538461538462,0.336538461538462,104
"wiemj001","R",0.321428571428571,0.0714285714285714,0.142857142857143,0,0,0,0.464285714285714,28
"wallm001","L",0.363984674329502,0.153256704980843,0.0996168582375479,0.0651340996168582,0.00383141762452107,0.0498084291187739,0.264367816091954,261
"banud001","R",0,0,0,0,0,0,1,1
"camaj002","R",0.428571428571429,0.142857142857143,0,0,0,0,0.428571428571429,7
"ruize001","R",0.307692307692308,0.0923076923076923,0.0923076923076923,0.0307692307692308,0.0153846153846154,0.0307692307692308,0.430769230769231,65
"hernd006","R",0.2,0.0888888888888889,0.140740740740741,0.0222222222222222,0,0.00740740740740741,0.540740740740741,135
"nodar001","L",0.333333333333333,0.135135135135135,0.0720720720720721,0.036036036036036,0,0.00900900900900901,0.414414414414414,111
"allen002","R",0.19047619047619,0.0476190476190476,0.114285714285714,0.0380952380952381,0,0.00952380952380952,0.6,105
"mcker001","R",0.333333333333333,0.0666666666666667,0.0666666666666667,0,0,0.133333333333333,0.4,15
"jonej007","R",0.340425531914894,0.0851063829787234,0.148936170212766,0.0212765957446809,0.0212765957446809,0.0212765957446809,0.361702127659574,47
"bichb001","R",0.19047619047619,0.068452380952381,0.145833333333333,0.0476190476190476,0.00297619047619048,0.0119047619047619,0.532738095238095,336
"voged001","L",0.215189873417722,0.113924050632911,0.0886075949367089,0.0632911392405063,0,0.0126582278481013,0.506329113924051,79
"kinei001","R",0.157258064516129,0.0524193548387097,0.191532258064516,0.0362903225806452,0.00806451612903226,0.0161290322580645,0.538306451612903,496
"canzd001","L",0.281914893617021,0.0957446808510638,0.0957446808510638,0.0372340425531915,0,0.0425531914893617,0.446808510638298,188
"zavas001","R",0.372093023255814,0.0697674418604651,0.0697674418604651,0.0465116279069767,0,0.0232558139534884,0.418604651162791,43
"refsr001","R",0.254071661237785,0.107491856677524,0.159609120521173,0.0521172638436482,0.00325732899022801,0.0358306188925081,0.387622149837134,307
"aranj001","L",0.223776223776224,0.0979020979020979,0.118881118881119,0.048951048951049,0,0.041958041958042,0.468531468531469,143
"andeb006","R",0.4,0,0,0,0,0,0.6,5
"schnd002","L",0.316742081447964,0.113122171945701,0.113122171945701,0.0452488687782805,0.00904977375565611,0.0226244343891403,0.380090497737557,221
"noelj001","R",0.318181818181818,0.0909090909090909,0.0909090909090909,0.0353535353535354,0.00505050505050505,0.0656565656565657,0.393939393939394,198
"nidot001","R",0.25,0.0357142857142857,0.121428571428571,0.0285714285714286,0,0.0285714285714286,0.535714285714286,140
"riceb001","L",0.269662921348315,0.117977528089888,0.0730337078651685,0.0337078651685393,0,0.0393258426966292,0.466292134831461,178
"norbc001","R",0.329896907216495,0.077319587628866,0.123711340206186,0.0463917525773196,0,0.0463917525773196,0.376288659793814,194
"jimee001","R",0.200573065902579,0.0687679083094556,0.163323782234957,0.0401146131805158,0,0.0171919770773639,0.510028653295129,349
"mayoc001","R",0.478260869565217,0.108695652173913,0.0869565217391304,0,0,0,0.326086956521739,46
"gaspm001","B",0.347826086956522,0.217391304347826,0,0,0,0,0.434782608695652,23
"sogan001","B",0.290697674418605,0.0813953488372093,0.197674418604651,0.0465116279069767,0,0,0.383720930232558,86
"whits003","R",0.173913043478261,0.108695652173913,0.130434782608696,0.0652173913043478,0,0,0.521739130434783,46
"dezez001","R",0.338461538461538,0.0461538461538462,0.169230769230769,0.0307692307692308,0,0.0307692307692308,0.384615384615385,65
"singj001","L",0.274074074074074,0.116049382716049,0.138271604938272,0.0320987654320988,0.00246913580246914,0.0320987654320988,0.404938271604938,405
"baldb001","B",0.256198347107438,0.0495867768595041,0.132231404958678,0.0495867768595041,0,0.0165289256198347,0.495867768595041,121
"maton001","L",0.4,0,0,0,0,0,0.6,5
"camij001","R",0.214689265536723,0.0677966101694915,0.141242937853107,0.0508474576271186,0.00564971751412429,0.0338983050847458,0.485875706214689,177
"drisl001","L",0.162162162162162,0.027027027027027,0.135135135135135,0,0,0.027027027027027,0.648648648648649,37
"waltd002","L",0.28,0.12,0.08,0,0,0.04,0.48,25
"sotol001","L",0.1875,0.1875,0.125,0.0625,0,0,0.4375,16
"meadp001","L",0.25503355704698,0.087248322147651,0.130872483221477,0.0402684563758389,0.0201342281879195,0.0302013422818792,0.436241610738255,298
"sweet001","L",0.26890756302521,0.0672268907563025,0.126050420168067,0.0420168067226891,0,0.0336134453781513,0.46218487394958,119
"jungj002","L",0.308510638297872,0.159574468085106,0.148936170212766,0.0531914893617021,0,0,0.329787234042553,94
"dingd001","R",0.344827586206897,0.0344827586206897,0.0689655172413793,0.0574712643678161,0.0229885057471264,0.0114942528735632,0.459770114942529,87
"johnd006","L",0,0,0,0,0,0,1,1
"mervm001","L",0.285714285714286,0.0357142857142857,0.0714285714285714,0.0357142857142857,0,0,0.571428571428571,28
"lee-j001","L",0.0822784810126582,0.069620253164557,0.20253164556962,0.0253164556962025,0,0.0126582278481013,0.607594936708861,158
"murpt002","R",0.368421052631579,0.105263157894737,0.0526315789473684,0.0263157894736842,0,0.0263157894736842,0.421052631578947,38
"westj003","R",0.291666666666667,0.104166666666667,0.0416666666666667,0.0416666666666667,0,0.0416666666666667,0.479166666666667,48
"heint001","B",0.375,0.25,0.0625,0,0,0,0.3125,16
"johnb005","B",0.164383561643836,0.0958904109589041,0.150684931506849,0.0273972602739726,0,0,0.561643835616438,73
"sullb001","L",0.235294117647059,0.0588235294117647,0.117647058823529,0,0,0.0588235294117647,0.529411764705882,17
"voslj001","L",0.3,0.0666666666666667,0.1,0.0333333333333333,0.0333333333333333,0,0.466666666666667,30
"marlc001","L",0.111111111111111,0.111111111111111,0.222222222222222,0,0,0,0.555555555555556,9
"lockt001","R",0.408163265306122,0.0816326530612245,0.0816326530612245,0.0204081632653061,0,0.0408163265306122,0.36734693877551,49
"leonp001","R",0.476190476190476,0.0476190476190476,0.0952380952380952,0,0,0,0.380952380952381,21
"lee-b002","B",0.145945945945946,0.0594594594594595,0.151351351351351,0.0324324324324324,0.00540540540540541,0.0162162162162162,0.589189189189189,185
"shewb001","L",0.149253731343284,0.0149253731343284,0.0746268656716418,0.0298507462686567,0,0.0149253731343284,0.716417910447761,67
"encac001","R",0.284552845528455,0.040650406504065,0.113821138211382,0.0487804878048781,0,0.016260162601626,0.495934959349593,123
"martn003","L",0.233128834355828,0.0797546012269939,0.122699386503067,0.0245398773006135,0.0122699386503067,0.0306748466257669,0.496932515337423,163
"remiz001","R",0.256410256410256,0.128205128205128,0.153846153846154,0.0256410256410256,0.0256410256410256,0,0.41025641025641,39
"thomb003","R",0.611111111111111,0,0.0555555555555556,0.0555555555555556,0,0,0.277777777777778,18
"orter001","L",0.235294117647059,0.117647058823529,0.0588235294117647,0,0,0,0.588235294117647,17
"ellid003","L",0.4,0,0.2,0,0,0,0.4,5
"hummc001","B",0.25,0,0,0,0,0,0.75,8
"salac001","L",0.1875,0.125,0.1875,0.0625,0,0,0.4375,32
"wilsj006","R",0.0970873786407767,0.087378640776699,0.184466019417476,0.0194174757281553,0.0194174757281553,0,0.592233009708738,103
"treja001","R",0.223880597014925,0.0447761194029851,0.134328358208955,0,0,0,0.597014925373134,67
"outmj002","L",0.352564102564103,0.128205128205128,0.0769230769230769,0.0256410256410256,0,0.0256410256410256,0.391025641025641,156
"tramt001","L",0.375,0.125,0.125,0,0,0,0.375,8
"perej004","R",0.25,0.025,0.225,0,0,0,0.5,40
"blact003","L",0.298245614035088,0.140350877192982,0.140350877192982,0.0350877192982456,0,0,0.385964912280702,57
"vazql001","R",0.428571428571429,0.0714285714285714,0.0714285714285714,0,0,0,0.428571428571429,14
"boted002","R",0.270833333333333,0.0416666666666667,0.208333333333333,0.0833333333333333,0,0,0.395833333333333,48
"fermj001","R",0.139240506329114,0.10126582278481,0.113924050632911,0.0126582278481013,0.0126582278481013,0,0.620253164556962,79
"davih001","R",0.368852459016393,0.114754098360656,0.0819672131147541,0.0327868852459016,0,0.00819672131147541,0.39344262295082,122
"mckib001","L",0.464285714285714,0.107142857142857,0.142857142857143,0.0357142857142857,0,0,0.25,28
"crewd001","R",0.196969696969697,0.0909090909090909,0.128787878787879,0.0378787878787879,0.00757575757575758,0.0227272727272727,0.515151515151515,132
"baked003","L",0.214285714285714,0,0.357142857142857,0.142857142857143,0,0,0.285714285714286,14
"alcak001","R",0.1,0,0.1,0,0,0,0.8,10
"dunnb001","R",0.379310344827586,0.103448275862069,0.0689655172413793,0.0344827586206897,0,0.0344827586206897,0.379310344827586,29
"jordl001","R",0.272727272727273,0,0,0.0909090909090909,0,0,0.636363636363636,11
"delaj004","R",0,0.157894736842105,0,0.157894736842105,0,0,0.684210526315789,19
"wynna001","R",0.25,0.05,0.15,0.2,0,0,0.35,20
"riose001","L",0.4,0.1,0.1,0,0,0,0.4,10
"yange001","R",1,0,0,0,0,0,0,1
"lucim001","R",0.345679012345679,0.0617283950617284,0.123456790123457,0.0617283950617284,0.0123456790123457,0,0.395061728395062,81
"perkb002","R",0,0,0,0,0,0,1,2
"hickb003","R",0.8,0,0,0,0,0,0.2,5
"cookb002","R",0.387755102040816,0,0.122448979591837,0.0408163265306122,0,0.0612244897959184,0.387755102040816,49
"yorkn001","R",0.285714285714286,0.0952380952380952,0.142857142857143,0,0,0.0476190476190476,0.428571428571429,42
"vilar001","R",0.244897959183673,0.0408163265306122,0.142857142857143,0,0,0.0204081632653061,0.551020408163265,49
"marto002","R",0.333333333333333,0,0.333333333333333,0,0,0,0.333333333333333,3
"marta008","B",0.195266272189349,0.0887573964497041,0.14792899408284,0.0414201183431953,0,0.0177514792899408,0.50887573964497,169
"madrb002","L",0.266666666666667,0.08,0.186666666666667,0.04,0,0.0133333333333333,0.413333333333333,75
"gentt001","R",0.4,0,0,0,0,0,0.6,5
"stram002","R",0,0,0.25,0,0,0,0.75,4
"kessg001","R",0.28,0.16,0,0,0,0,0.56,25
"boucs001","R",0.305555555555556,0.12962962962963,0.0833333333333333,0.0648148148148148,0,0.00925925925925926,0.407407407407407,108
"paulg001","L",0.46875,0,0.0625,0,0,0.0625,0.40625,32
"sabob001","L",0.236842105263158,0.157894736842105,0.210526315789474,0.0526315789473684,0,0,0.342105263157895,38
"reetj001","R",0.333333333333333,0.0666666666666667,0,0.0666666666666667,0,0.0666666666666667,0.466666666666667,15
"amada001","B",0.166666666666667,0.0277777777777778,0.138888888888889,0.0277777777777778,0,0,0.638888888888889,36
"joneg003","B",0.666666666666667,0.166666666666667,0,0,0,0.166666666666667,0,6
"caprv001","R",0.333333333333333,0,0,0.111111111111111,0,0,0.555555555555556,9
"conig001","L",0.314606741573034,0.0786516853932584,0.157303370786517,0.0449438202247191,0.0112359550561798,0.0337078651685393,0.359550561797753,89
"saggt001","R",0.269230769230769,0.0576923076923077,0.134615384615385,0.0384615384615385,0,0.0192307692307692,0.480769230769231,52
"walsj001","L",0.35,0.116666666666667,0.15,0.0333333333333333,0,0.0166666666666667,0.333333333333333,60
"kennb002","R",0.269230769230769,0.153846153846154,0.0769230769230769,0.0384615384615385,0,0.0384615384615385,0.423076923076923,26
"grayt001","L",0.516129032258065,0.0967741935483871,0.0645161290322581,0.032258064516129,0,0,0.290322580645161,31
"kochg001","R",0.75,0.125,0,0,0,0,0.125,8
"perao002","R",0.272727272727273,0.0909090909090909,0.0909090909090909,0,0,0.0909090909090909,0.454545454545455,11
"domij003","B",0.287878787878788,0.166666666666667,0.106060606060606,0.0151515151515152,0,0.0303030303030303,0.393939393939394,66
"haggs001","B",0.25,0.0625,0.0625,0,0,0,0.625,16
"millo002","R",0.296296296296296,0,0.148148148148148,0.037037037037037,0,0,0.518518518518518,27
"misnk001","L",0.666666666666667,0,0.0666666666666667,0,0,0,0.266666666666667,15
"ralec001","R",1,0,0,0,0,0,0,1
"wated001","B",0.315789473684211,0.157894736842105,0.105263157894737,0.0526315789473684,0,0,0.368421052631579,19
"alexc001","L",0.375,0,0.125,0,0,0,0.5,8
"keird001","L",0.0714285714285714,0.0714285714285714,0.0714285714285714,0,0,0.0714285714285714,0.714285714285714,14
"branr002","L",0.222222222222222,0,0.111111111111111,0,0,0,0.666666666666667,9
"feduh001","L",0.142857142857143,0.142857142857143,0.285714285714286,0,0,0,0.428571428571429,14
"sanoj001","R",0.111111111111111,0.0277777777777778,0.166666666666667,0.0555555555555556,0,0,0.638888888888889,36
"garca006","R",0.428571428571429,0,0,0,0,0,0.571428571428571,7
"tayls003","R",0.2,0,0.4,0,0,0,0.4,5
"battm001","R",0,0,0,0,0.333333333333333,0,0.666666666666667,3
"rollc001","R",1,0,0,0,0,0,0,1
"knapa001","B",0.333333333333333,0,0.166666666666667,0,0,0,0.5,6
"bakel001","R",0.224489795918367,0.142857142857143,0.0612244897959184,0.0204081632653061,0.0204081632653061,0.0408163265306122,0.489795918367347,49
"castd004","R",0.125,0.25,0.125,0.125,0,0,0.375,8
"cleme002","L",0,0,0,0,0,0,1,1
"teodb001","R",0.416666666666667,0,0.0833333333333333,0,0,0,0.5,12
"helmm001","R",0.3,0,0.1,0.2,0,0,0.4,10
"narvc002","R",0.4,0.133333333333333,0.2,0,0,0,0.266666666666667,15
"pegul001","R",0.3,0,0.1,0.1,0,0,0.5,10
"toroa001","R",0,1,0,0,0,0,0,1
"mccom002","R",0.333333333333333,0.087719298245614,0.140350877192982,0.0350877192982456,0,0,0.403508771929825,57
"ramij003","R",0,1,0,0,0,0,0,1
"castl003","R",1,0,0,0,0,0,0,1
"domij003","R",0,0,0,0,0,0,1,1
"cabro002","R",0,0,1,0,0,0,0,1
"devej001","L",0.25,0,0.25,0,0,0,0.5,4
"huffs001","R",0.5,0.25,0,0,0,0,0.25,4
"garrs003","R",0,0.166666666666667,0.166666666666667,0.166666666666667,0,0.166666666666667,0.333333333333333,6
